Cenário,Eficiência (%),Autossuficiência (%),Equidade (Desvio Padrão)
Cenário 1,96.38157894736842,47.79771615008156,22.623218161879624
Cenário 2,91.44736842105263,45.35073409461664,7.011419257183242
Cenário 3,96.71052631578947,47.96084828711256,18.084247288731707
