cenário,eficiência (%),autossuficiência (%),desvio padrão,rede (kWh),custo (R$),energia_unidade
Cenário 1 - Proporcional Simples,26.14035087719298,26.702508960573475,0.27000000000000013,40.9,33.452250000000035,[1.22 1.76 1.22 1.76 1.22 1.76 1.22 1.76 1.22 1.76]
Cenário 2 - Priorização Tarifa Social,26.14035087719298,26.702508960573475,0.8212190963341857,46.35609548167093,38.02172996589941,"[2.3112191 0.6687809 2.3112191 0.6687809 2.3112191 0.6687809 2.3112191
 0.6687809 2.3112191 0.6687809]"
Cenário 3 - Multiobjetivo Completo,87.20272889877194,89.07805640197132,0.49705556001000245,9.900000000004363,6.984750000003651,"[5.46761108 5.46761104 4.47350004 5.4676112  5.46761108 4.4735
 4.47349997 5.46761114 4.47349993 4.4735    ]"
